<?xml version="1.0" encoding="utf-8" ?>

<Root>
	<Node Url="~/Default.aspx" Title="L000001" />

	<Node Url="~/Page/Product/ProductList.aspx?catalog=2" Title="L000012" />
	
	<Node Url="~/Page/Product/Brand.aspx?type=F" Title="L000004">
		<Node Url="~/Page/Product/ProductList.aspx?type=F&amp;class=U" Title="L000006" ToolTip="L000009" />
		<Node Url="~/Page/Product/ProductList.aspx?type=F&amp;class=G" Title="L000007" ToolTip="L000010" />
		<Node Url="~/Page/Product/ProductList.aspx?type=F&amp;class=O" Title="L000008" ToolTip="L000011" />
	</Node>
	
	<Node Url="~/Page/Product/Brand.aspx?type=R" Title="L000005">
		<Node Url="~/Page/Product/ProductList.aspx?type=R&amp;class=U" Title="L000006" ToolTip="L000009" />
		<Node Url="~/Page/Product/ProductList.aspx?type=R&amp;class=G" Title="L000007" ToolTip="L000010" />
	</Node>

	<Node Url="~/Page/Public/StaticPage.aspx?type=MHDList" Title="L000245" />

	<Node Url="" Title="L000249" >
		<Node Url="~/Page/Public/StaticPage.aspx?type=AOIList" Title="L000250" />
	</Node>

	<Node Url="~/Page/Member/Login.aspx" Title="L000019" />
</Root>