<?xml version="1.0" encoding="utf-8" ?>

<Node Name="L000001"  Url="Default.aspx">
	<Node Name="L000020" Url="Page/Product/Brand.aspx" />

	<Node Name="L000021" Url="Page/Product/ProductList.aspx">
		<Param Name="" Params="catalog" SqlString="SELECT Name FROM Catalog WHERE ID={0}" FormatString="{S}" />
		<Param Name="" Params="type" SqlString="SELECT Name FROM Config WHERE Type='LampType' AND Value='{0}'" FormatString="{S}" />

		<Node Name="L000022" Url="Page/Product/ProductDetail.aspx">
			<Param Name="" Params="id" SqlString="SELECT b.Brand + ' ' + p.ProjectorModel FROM Product p, Brand b WHERE p.BrandID=b.ID AND p.ID={0}" FormatString="{S}" />
		</Node>
	</Node>

	<Node Name="L000023" Url="Page/Public/NewsList.aspx">
		<Node Name="L000024" Url="Page/Public/NewsDetail.aspx">
			<Param Name="" Params="id" SqlString="select title from news where id={0}" FormatString="{S}" />
		</Node>
	</Node>

	<Node Name="L000013" Url="Page/Public/StaticPage.aspx?type=FAQ" />
	<Node Name="L000241" Url="Page/Public/StaticPage.aspx?type=OEQFamily" />
	<Node Name="L000242" Url="Page/Public/StaticPage.aspx?type=PaymentMethods" />
	<Node Name="L000216" Url="Page/Public/StaticPage.aspx?type=Distributor" />
	<Node Name="L000230" Url="Page/Public/StaticPage.aspx?type=UHR_UHRG_Series" />
	<Node Name="L000213" Url="Page/Public/StaticPage.aspx?type=SAYNO" />
	<Node Name="L000214" Url="Page/Public/StaticPage.aspx?type=DropShipmentService" />
	<Node Name="L000014" Url="Page/Public/QA.aspx" />
	<Node Name="L000018" Url="Page/Public/StaticPage.aspx?type=ContactUs" />

	<Node Name="L000245" Url="Page/Public/StaticPage.aspx?type=MHDList">
		<Node Name="L000246" Url="Page/Public/StaticPage.aspx?type=MHDDetail2R" />
		<Node Name="L000247" Url="Page/Public/StaticPage.aspx?type=MHDDetail5R" />
		<Node Name="L000248" Url="Page/Public/StaticPage.aspx?type=MHDDetail17R" />
	</Node>

	<Node Name="L000250" Url="Page/Public/StaticPage.aspx?type=AOIList">
		<Node Name="L000251" Url="Page/Public/StaticPage.aspx?type=AOIDetail-1" />
		<Node Name="L000252" Url="Page/Public/StaticPage.aspx?type=AOIDetail-2" />
		<Node Name="L000253" Url="Page/Public/StaticPage.aspx?type=AOIDetail-3" />
	</Node>

	<Node Name="L000015" Url="Page/Public/StaticPage.aspx?type=RMAPolicy&amp;main=Y">
		<Node Name="L000016" Url="Page/Public/StaticPage.aspx?type=RMAPolicy" />
		<Node Name="L000017" Url="Page/RMA/RmaForm.aspx" />
	</Node>

	<Node Name="L000025" Url="Page/Member/Login.aspx" />
	<Node Name="L000026" Url="Page/Member/LoginFailure.aspx" />

	<Node Name="L000019" Url="Page/Member/Index.aspx">
		<Node Name="L000027" Url="Page/Member/UpdateMyProfile.aspx" />
		<Node Name="L000028" Url="Page/Product/Promotion.aspx" />
		<Node Name="L000029" Url="Page/Member/WishList.aspx" />
		<Node Name="L000030" Url="Page/Member/EstimatedSheet.aspx">
			<Node Name="L000031" Url="Page/Member/CheckOut.aspx" />
			<Node Name="L000032" Url="Page/Member/CheckOutResult.aspx" />
		</Node>
		<Node Name="L000033" Url="Page/Member/FAQList.aspx">
			<Node Name="L000034" Url="Page/Member/FAQDetail.aspx">
				<Param Name="" Params="id" SqlString="SELECT Subject FROM FAQ WHERE ID={0}" FormatString="{S}" />
			</Node>
		</Node>
		<Node Name="L000176" Url="Page/Member/OrderHistory.aspx">
			<Node Name="L000182" Url="Page/Member/OrderHistoryDetail.aspx" />
		</Node>
		<Node Name="L000183" Url="Page/Member/OrderImport.aspx" />
	</Node>
</Node>
