Brand,ProjectorModel,OEMLampModule,OEM_LT,UHR_LM,LM_Status,UHR_BL,BL_Status
HITACHI,,"UX21511,LC37","120W, UHP",RM303,1,UHR150,1
HITACHI,,"UX21513,LM500","120W, UHP",RM305,1,UHR150,1
HITACHI,,"UX21514,UX21515,LW700,LC48","100W, HS",RM307,1,UHR150,1
HITACHI,,"UX21516,LP700","120W, UHP",RM309,1,UHR150,1
HITACHI,,"UX21517,LC57","120W, HS",RM311,0,HU120HA55YPH6570A-KSNN,0
HITACHI,,UX21518,,RM315,0,UHR150,1
HITACHI,,UX25951,"100/120W, UHP",RM313,1,UHR150,1
JVC,,TS-CL110UAA,"120W, UHP",RM501,1,UHR180,1
LG,,"6912V00006A,3110V00139B",,RM925,0,UHR150,1
LG,,6912V00006C,,RM923,0,UHR150,1
MITSUBISHI,,915P020010,"100/132W, UHP",RM701,1,UHR100,1
MITSUBISHI,,915P026010,"100/132W, UHP",RM703,1,UHR100,1
MITSUBISHI,,915P027010,"132/150W, P-VIP",RM709,1,UHR120,1
MITSUBISHI,,915P049010,"132/150W, P-VIP",RM707,1,UHR120,1
MITSUBISHI,,915P049020,"150/180W, VIP",RM708,1,UHR120,1
MITSUBISHI,,915P061010,"150/180W, P-VIP",RM717,1,UHR120,1
MITSUBISHI,,"915B403001,938P126040","180W, P-VIP",RM737,1,UHR130,1
MITSUBISHI,,"915P043010,938P054010","120-132W, P-VIP",RM711,1,UHR155,1
MITSUBISHI,,WDV-65000LP,"100W, UHP",RM741,0,UHR160,1
PHILIPS,,928137805390,"100/132W, UHP",RMA03,1,UHR100,1
SAMSUNG,,BP96-00608A,"120W, UHP",RM203,1,UHR110,1
SAMSUNG,,BP96-00677A,"100W/120W, UHP",RM215,1,UHR110,1
SAMSUNG,,BP96-00823A,,RM217,0,UHR110,1
SAMSUNG,,BP96-00826A,"120W, UHP",RM203,1,UHR110,1
SAMSUNG,,BP96-01073A,"120W, VIP",RM205,1,UHR110,1
SAMSUNG,,BP96-01403A,"120W, UHP",RM203,1,UHR110,1
SAMSUNG,,BP96-01472A,"132W, UHP",RM225,1,UHR110,1
SAMSUNG,,BP96-01578A,"132W, UHP",RM225,1,UHR110,1
SAMSUNG,,BP96-00271C,,RM229,0,UHR150,1
SAMSUNG,,BP96-00449A,"100/132W,",RM265,0,UHR150,1
SANYO,,"POA-LMP96,610 322 7382","150W, SHP",RMW01,0,UHR190,1
SONY,,"F93087500,A1129776A,XL-2400,A1127024A","120W, UHP",RM107,1,UHR140,1
SONY,,"XL-2500,F-9308-900-0","120W, P-VIP",RM125,1,UHR140,1
SONY,,"A1085447A,XL-2200U","120W, UHP",RM105,1,UHR150,1
SONY,,"A1606034B,XL-2100","120W, UHP",RM101,1,UHR150,1
SONY,,"XL-5100,F-9308-760-0","120W, UHP",RM109,1,UHR150,1
SONY,,"A1203604A,F-9308-860-0,XL-5200","120W, UHP",RM111,1,UHR150,1
SONY,,"XL-100E,A1501092A,A1501487A",,RM113,0,UHR160,1
SONY,,"A1601753A,XL-2000,XL2000U,A1484885A","120W, UHP",RM103,0,UHR160,1
SONY,,"XL-2300,XL2300U,A1086953A",,RM121,0,UHR160,1
TOSHIBA,,"TB25-LMP,23311083,23587201","120W, SHP",RM605,1,UHR105,1
TOSHIBA,,"D95-LMP,LV-672,23311153","150W, SHP",RM601,1,UHR105,1
TOSHIBA,,"Y66-LMP,Y67-LMP,75007091,75008204,72514011","150W, SHP",RM603,1,UHR105,1
TOSHIBA,,"D42-LMP,72620067","150W, SHP",RM609,1,UHR106,1
TOSHIBA,,"Y196-LMP,75007111,72514012X","150W, SHP",RM607,1,UHR106,1
