Brand,ProjectorModel,OEMLampModule,OEM_LT,UHR_LM,InStock,BL status
VIEWSONIC,Pro8400,RLC-059,"280W,",LMD128,0,0
VIEWSONIC,PJD7583wi,RLC-057,"210W,",LMD126,0,0
VIEWSONIC,Pro8200,RLC-061,"230W,",LMD130,0,0
VIEWSONIC,Pro8450w,RLC-059,"280W,",LMD128,0,0
VIEWSONIC,Pro8500,RLC-059,"280W,",LMD128,0,0
VIEWSONIC,DVP5,LED,�w,LMD132,0,0
VIEWSONIC,PJD7383i,RLC-057,"210W,",LMD126,0,0
VIEWSONIC,PJD5211,RLC-049,"230W,",LMD112,0,0
VIEWSONIC,PJD5231,RLC-049,"230W,",LMD112,0,0
VIEWSONIC,PJD6210-3D,RLC-046,"180W,",LMD108,0,0
VIEWSONIC,PJ359W,RLC-039,"200/140W, UHP",LM3080,0,0
VIEWSONIC,PJL3211,RLC-039,"200/140W, UHP",LM3080,0,0
SANYO,PLC-ZM5000L,610 346 9607,"330W,",LM1222,0,0
SANYO,PLC-XF42,POA-LMP49/610 300 0862,"250W, UHP x 4",LM1004,1,1
SANYO,PLC-WK2500,610 349 7518,"215W, UHP",LM1224,0,0
SANYO,PLC-HF10000L,610 351 5939,"380W,",LM1228,0,0
SANYO,PLC-XK2200,610 349 7518,"215W, UHP",LM1224,0,0
SANYO,PLC-XK2600,610 349 7518,"215W, UHP",LM1224,0,0
SANYO,PLC-XK3010,610 349 7518,"215W, UHP",LM1224,0,0
SANYO,PLC-HF15000L,610 350 9051,"380W, x4",LM1230,0,0
SANYO,PLC-XF60A,POA-LMP80/610 315 7689,"300W, UHP x2",LM1090,1,1
SANYO,PLC-WR251,POA-LMP131/610 343 2069,"225W, UHP",LM1178,0,0
SANYO,PLC-WL2500,610 349 0847,"230W,",LM1234,0,0
SANYO,PDG-DHT8000L,610 350 6814,"330W,",LM1232,0,0
SANYO,PLV-HD100,610 305 1130,"250W, UHP x 4",LM1236,0,0
SANYO,PLC-EF12N,POA-LMP26/610 298 3135,"440W, MHL",LM1198,0,0
SANYO,PLC-EF12NL,POA-LMP26/610 298 3135,"440W, MHL",LM1198,0,0
SANYO,PLC-XF12N,POA-LMP26/610 298 3135,"440W, MHL",LM1198,0,0
SANYO,PLC-XF12NL,POA-LMP26/610 298 3135,"440W, MHL",LM1198,0,0
SANYO,PLC-XF45,POA-LMP49/610 300 0862,"250W, UHP x 4",LM1004,1,1
SANYO,PLC-XF10NZ ,POA-LMP26/610 298 3135,"440W, MHL",LM1198,0,0
SANYO,PLV-65WHD1,POA-LMP96/610 322 7382,"150W, SHP",RMW01,0,0
SANYO,PLV-55WR2C,POA-LMP96/610 322 7382,"150W, SHP",RMW01,0,0
EPSON,EB-G5150,ELPLP47/V13H010L47H0,"210W, NSHA",LM2096,0,0
EPSON,EB-G5100,ELPLP47/V13H010L47H0,"210W, NSHA",LM2096,0,0
EPSON,EB-G5000,ELPLP47/V13H010L47H0,"210W, NSHA",LM2096,0,0
EPSON,PowerLite Pro G5000,ELPLP47/V13H010L47,"210W, NSHA",LM2096,0,0
EPSON,PowerLite Pro G5150NL,ELPLP47/V13H010L47,"210W, NSHA",LM2096,0,0
EPSON,EB-G5350,ELPLP46/V13H010L46H0,"275W, NSHA",LM2098,0,0
EPSON,EB-G5300,ELPLP46/V13H010L46H0,"275W, NSHA",LM2098,0,0
EPSON,EB-G5200W,ELPLP46/V13H010L46H0,"275W, NSHA",LM2098,0,0
EPSON,PowerLite Pro G5200WNL,ELPLP46/V13H010L46,"275W, NSHA",LM2098,0,0
EPSON,PowerLite Pro G5350NL,ELPLP46/V13H010L46,"275W, NSHA",LM2098,0,0
HITACHI,CP-X5W,DT00821/CPX5LAMP,"200/140W, UHP",LM3080,0,0
HITACHI,CP-X5,DT00821/CPX5LAMP,"200/140W, UHP",LM3080,0,0
HITACHI,CP-X3,DT00821/CPX5LAMP,"200/140W, UHP",LM3080,0,0
HITACHI,CPWX8,DT00821/CPX5LAMP,"200/140W, UHP",LM3080,0,0
HITACHI,CPX3,DT00821/CPX5LAMP,"200/140W, UHP",LM3080,0,0
HITACHI,CP-A110,DT00891/CPA100LAMP,"220W, NSHA",LM3084,1,1
HITACHI,CP-A100,DT00891/CPA100LAMP,"220W, NSHA",LM3084,1,1
HITACHI,CP-AW100N,DT00891/CPA100LAMP,"220W, NSHA",LM3084,1,1
BENQ,MP511,5J.08001.001,"180W, NSHA",LM4073,1,1
OPTOMA,EP7150,BL-FP180B/SP.82Y01GC01,"180/230W, P-VIP",LM5032,0,1
EIKI,LC-HDT10 ,610 305 1130,"250W, UHP x 4",LM1236,0,0
DUKANE,I-PRO 8783,456-8783,"200/140W, UHP",LM3080,0,0
MITSUBISHI,XD435,VLT-XD430LP,"230/180W, NSHA",LM8074,1,1
MITSUBISHI,XD430U,VLT-XD430LP,"230/180W, NSHA",LM8074,1,1
MITSUBISHI,XD430,VLT-XD430LP,"230/180W, NSHA",LM8074,1,1
MITSUBISHI,XD420,VLT-XD420LP,"230/180W, NSHA",LM8074,1,1
MITSUBISHI,SD430,VLT-XD430LP,"230/180W, NSHA",LM8074,1,1
MITSUBISHI,SD420U,VLT-XD420LP,"230/180W, NSHA",LM8074,1,1
MITSUBISHI,SD420,VLT-XD420LP,"230/180W, NSHA",LM8074,1,1
SONY,VPL CS2,LMP-C120,"120W, HSCR",LMA036,1,1
PANASONIC,PT-AE900U,ET-LAE900,"120W, HS",LMC124,1,1
PANASONIC,PT-AE900,ET-LAE900,"120W, HS",LMC124,1,1
PANASONIC,PT-LM2E,ET-LAM1,"120W, HS",LMC132,1,1
PANASONIC,PT-LM2,ET-LAM1,"120W, HS",LMC132,1,1
PANASONIC,PT-LM1U,ET-LAM1,"120W, HS",LMC132,1,1
PANASONIC,PT-LM1E-C,ET-LAM1,"120W, HS",LMC132,1,1
PANASONIC,PT-LM1E,ET-LAM1,"120W, HS",LMC132,1,1
PANASONIC,PT-LM1,ET-LAM1,"120W, HS",LMC132,1,1
CANON,LV-7255,LV-LP24,"180W, NSH",LMF002,1,1
CANON,LV-7245,LV-LP24,"180W, NSH",LMF002,1,1
CANON,LV-7240,LV-LP24,"180W, NSH",LMF002,1,1
DUKANE,I-PRO 8070,456-8767A,"180W, NSH",LMF002,1,1
CANON,LV-7265,LV-LP26,"200W, NSH",LMF006,1,1
CANON,LV-7260,LV-LP26,"200W, NSH",LMF006,1,1
CANON,LV-7250,LV-LP26,"200W, NSH",LMF006,1,1
DUKANE,I-PRO 8779,456-8779,"200W, NSH",LMF006,1,1
NEC,NP3250W,NP06LP,"330/264W, UHP",LMF094,1,0
NEC,NP3250,NP06LP,"330/264W, UHP",LMF094,1,0
NEC,NP3151W,NP06LP,"330/264W, UHP",LMF094,1,0
NEC,NP3151,NP06LP,"330/264W, UHP",LMF094,1,0
NEC,NP3150,NP06LP,"330/264W, UHP",LMF094,1,0
NEC,NP2250,NP06LP,"330/264W, UHP",LMF094,1,0
NEC,NP2200,NP06LP,"330/264W, UHP",LMF094,1,0
NEC,NP2150,NP06LP,"330/264W, UHP",LMF094,1,0
NEC,NP1250,NP06LP,"330/264W, UHP",LMF094,1,0
NEC,NP1200,NP06LP,"330/264W, UHP",LMF094,1,0
NEC,NP1150,NP06LP,"330/264W, UHP",LMF094,1,0
DUKANE,I-PRO 8806,456-8806,"250/300W, UHP",LMF102,1,1
NEC,NP2000,NP01LP,"250/300W, UHP",LMF102,1,1
NEC,NP1000,NP01LP,"250/300W, UHP",LMF102,1,1
NEC,NP610S,NP07LP,"210W, NSHA",LMF124,1,1
NEC,NP610,NP07LP,"210W, NSHA",LMF124,1,1
NEC,NP600S,NP07LP,"210W, NSHA",LMF124,1,1
NEC,NP600,NP07LP,"210W, NSHA",LMF124,1,1
NEC,NP500W,NP07LP,"210W, NSHA",LMF124,1,1
NEC,NP500,NP07LP,"210W, NSHA",LMF124,1,1
NEC,NP410W,NP07LP,"210W, NSHA",LMF124,1,1
NEC,NP400,NP07LP,"210W, NSHA",LMF124,1,1
NEC,NP300,NP07LP,"210W, NSHA",LMF124,1,1
NEC,NP500WS,NP07LP,"210W, NSHA",LMF124,1,1
NEC,NP510WS,NP07LP,"210W, NSHA",LMF124,1,1
JVC,DLA-RS2U,BHL-5009-S,"200W, HSCR",LMU002,1,1
JVC,DLA-RS1X,BHL-5009-S,"200W, HSCR",LMU002,1,1
JVC,DLA-RS1U,BHL-5009-S,"200W, HSCR",LMU002,1,1
JVC,DLA-RS1,BHL-5009-S,"200W, HSCR",LMU002,1,1
JVC,DLA-HD1WE,BHL-5009-S,"200W, HSCR",LMU002,1,1
JVC,DLA-HD100,BHL-5009-S,"200W, HSCR",LMU002,1,1
JVC,DLA-HD1,BHL-5009-S,"200W, HSCR",LMU002,1,1
