ID,Brand,ProjectorModel,OEM_LT,UHR_LM,Enabled,OEMLampModule
865,TOSHIBA,!TLP520,"165W, HSCR",LM7009,TRUE,!TLPLW2
844,TOSHIBA,!TLP721,"165W, HSCR",LM7009,TRUE,!TLPLW2
821,TOSHIBA,!TLPS220,"165W, HSCR",LM7009,TRUE,!TLPLW2
820,TOSHIBA,!TLPS221,"165W, HSCR",LM7009,TRUE,!TLPLW2
807,TOSHIBA,!TLPT520,"165W, HSCR",LM7009,TRUE,!TLPLW2
806,TOSHIBA,!TLPT521,"165W, HSCR",LM7009,TRUE,!TLPLW2
801,TOSHIBA,!TLPT620,"165W, HSCR",LM7009,TRUE,!TLPLW2
800,TOSHIBA,!TLPT621,"165W, HSCR",LM7009,TRUE,!TLPLW2
793,TOSHIBA,!TLPT720,"165W, HSCR",LM7009,TRUE,!TLPLW2
792,TOSHIBA,!TLPT721,"165W, HSCR",LM7009,TRUE,!TLPLW2
