Brand,ProjectorModel,OEMLampModule,OEM_LT,UHR_LM,InStock
3M,MP8625,EP1890/78-6969-8588-3,"120W, UHP",LM3036,0
3M,MP8730,EP1760/78-6969-8461-2,"260 W, Metal Halide",LMD072,0
3M,MP8640,EP1760/78-6969-8461-2,"260 W, Metal Halide",LMD072,0
3M,MP8740,EP2010/78-6969-8782-1,"150W, UHB",LM3040,0
ACER,7755C,25.30025.011,"150W, UHP",LM3044,0
ACER,7753C,25.30025.011,"150W, UHP",LM3044,0
BOXLIGHT,MP-93ia,MP93i-930,"150W, UHP",LM3044,0
BOXLIGHT,MP-93i,MP93i-930,"150W, UHP",LM3044,0
BOXLIGHT,MP-650i,MP86i-930,"190W, NSH",LM3022,1
DUKANE,I-PRO 8900,456-206,"190W, NSH",LM3022,1
DUKANE,I-PRO 8800A,456-206,"190W, NSH",LM3022,1
DUKANE,I-PRO 8800,456-206,"190W, NSH",LM3022,1
DUKANE,I-PRO 8050,456-206,"190W, NSH",LM3022,1
HITACHI,CP-L500,CPL100LAMP,"250W, Metal Halide",LMH038,0
HITACHI,CP-L550,CPL550LAMP,"250W, Metal Halide",LMH040,0
HITACHI,CP-S860W,DT00231,"190W, NSH",LM3022,1
HITACHI,CP-L850W,DT00161,"260 W, Metal Halide",LMD072,0
HITACHI,CP-X950W,DT00161,"260 W, Metal Halide",LMD072,0
HITACHI,CP-X270W,CPS220LAMP,"130W, HS",LM3009,1
HITACHI,CP-X275WT,DT00461/DT00521/CPX275 LAMP,"150W, HSCR",LM3010,1
HITACHI,CP-X960WA,DT00231,"190W, NSH",LM3022,1
HITACHI,CP-X380W,DT00431,"200W, NSH",LM3011,1
HITACHI,ED-X3270,DT00461/DT00521/CPX275 LAMP,"150W, HSCR",LM3010,1
HITACHI,ED-X3250,DT00461/DT00521/CPX275 LAMP,"150W, HSCR",LM3010,1
HITACHI,CP-X327,DT00461/DT00521/CPX275 LAMP,"150W, HSCR",LM3010,1
HITACHI,CP-X275W,DT00461/DT00521/CPX275 LAMP,"150W, HSCR",LM3010,1
HITACHI,CP-X275A,DT00461/DT00521/CPX275 LAMP,"150W, HSCR",LM3010,1
HITACHI,CP-X275,DT00461/DT00521/CPX275 LAMP,"150W, HSCR",LM3010,1
HITACHI,CP-X960WA,DT00231,"190W, NSH",LM3022,1
HITACHI,CP-X970W,DT00231,"190W, NSH",LM3022,1
HITACHI,CP-X980W,DT00341,"250W, NSH",LM3048,0
HITACHI,CP-RX80,DT01022/CPRX80LAMP,"210W/140W, UHP",LM3090,0
HITACHI,CP-RX78,DT01022/CPRX80LAMP,"210W/140W, UHP",LM3090,0
HITACHI,ED-X24Z,DT01022/CPRX80LAMP,"210W/140W, UHP",LM3090,0
LIESEGANG,DDV 1111,ZU0260 02 2010,"200W, SHP",LMH072,0
LIESEGANG,DDV 1111 Ultra,ZU0276 02 2010,"200W, SHP",LMH096,0
LIESEGANG,DDV 1500,ZU0252 02 2010,"350W, Metal Halide",LMH056,0
LIESEGANG,DDV 1800,ZU0265 02 2010,"350W, Metal Halide",LMH086,0
LIESEGANG,DV 225,ZU0261 04 4010,"150W, UHP",LM3044,0
LIESEGANG,DV 235,ZU0269 04 4010,"130W, HS",LM3009,1
LIESEGANG,DV 250,ZU0237 04 4010,"250W, Metal Halide",LMH038,0
LIESEGANG,DV 255,ZU0283 04 4010,"150W, HSCR",LM3010,1
LIESEGANG,DV 260,ZU0239 04 4010,"250W, Metal Halide",LMH040,0
LIESEGANG,DV 290,ZU0250 04 4010,"260W, Metal Halide",LMD072,0
LIESEGANG,DV 295,ZU0254 04 4010,"120W, UHP",LM3036,0
LIESEGANG,DV 300,ZU0250 04 4010,"260 W, Metal Halide",LMD072,0
LIESEGANG,DV 305,ZU0269 04 4010,"130W, HS",LM3009,1
LIESEGANG,DV 315,ZU0256 04 4010,"150W, UHP",LM3044,0
LIESEGANG,DV 325,ZU0261 04 4010,"150W, UHP",LM3044,0
LIESEGANG,DV 330,ZU0255 04 4010,"150W, UHB",LM3040,0
LIESEGANG,DV 335,ZU0270 04 4010,"160W, NSH",LM3011,1
LIESEGANG,DV 340,ZU0262 04 4010,"190W, NSH",LM3022,1
LIESEGANG,DV 345,ZU0284 04 4010,"150W, HSCR",LM3010,1
LIESEGANG,DV 350,ZU0262 04 4010,"190W, NSH",LM3022,1
LIESEGANG,DV 355,ZU0286 04 4010,"200W, NSH",LM3011,1
LIESEGANG,DV 360,ZU0262 04 4010,"190W, NSH",LM3022,1
LIESEGANG,DV 370,ZU0273 04 4010,"250W, NSH",LM3048,0
MITSUBISHI,V39,915B403001/938P126040,"180W, P-VIP",RM737,1
MITSUBISHI,V41,915B403001/938P126040,"180W, P-VIP",RM737,1
MITSUBISHI,WD-60C8,915B403001/938P126040,"180W, P-VIP",RM737,1
MITSUBISHI,WD-60735,915B403001/938P126040,"180W, P-VIP",RM737,1
MITSUBISHI,WD-65C8,915B403001/938P126040,"180W, P-VIP",RM737,1
MITSUBISHI,WD-65735,915B403001/938P126040,"180W, P-VIP",RM737,1
MITSUBISHI,WD-65736,915B403001/938P126040,"180W, P-VIP",RM737,1
MITSUBISHI,WD-65835,915B403001/938P126040,"180W, P-VIP",RM737,1
MITSUBISHI,WD-73C8,915B403001/938P126040,"180W, P-VIP",RM737,1
MITSUBISHI,WD-73735,915B403001/938P126040,"180W, P-VIP",RM737,1
PANASONIC,PT-L556U,ET-LA556,"120W, UHP",LM3036,0
SANYO,PLC-XW300,POA-LMP132/610 345 2456,"220/150W, UHP",LM1188,0
SANYO,PLC-XF47W,POA-LMP109/610 334 6267,"330W, NSHA x 4",LM1122,1
SANYO,PLC-XF47,POA-LMP109/610 334 6267,"330W, NSHA x 4",LM1122,1
SONY,VPL CX80,LMP-C190,"190W, HSCR",LMA046,1
VIEWSONIC,PJ860,RLU-190-03A,"200W, NSH",LM3022,1
VIEWSONIC,PJ800,RLU-800,"260 W, Metal Halide",LMD072,0
VIEWSONIC,PJ1200,RLU1200,"150W, UHB",LM3040,0
