Brand,ProjectorModel,OEMLampModule,OEM_LT,UHR_LM,InStock
BenQ,MP513,5J.Y1405.001,"200W,",LM4148,0
BenQ,MP514,5J.J0105.001,"180W, ",LM4104,0
BenQ,MP515 ST,5J.J1V05.001,"160/210W, UHP",LM4104,0
BenQ,MP525 ST,5J.J1V05.001,"160/210W, UHP",LM4104,0
BenQ,MP525P,5J.J1V05.001,"160/210W, UHP",LM4104,0
BenQ,MP772 ST,5J.J0T05.001,�w,LM4120,0
BenQ,MP776 ST,5J.J0405.001 ,�w,LM4128,0
BenQ,MP782 ST,5J.J0T05.001,"210W,",LM4120,0
BenQ,SP840,5J.J2N05.001,,LM4146,0
BenQ,SP890,5J.J2805.001,,LM4144,0
BenQ,SP920,9E.0C101.001,,LM4096,0
BenQ,SP920P,5J.J2D05.011,,LM4134,0
BenQ,W1000,5J.J0W05.001,,LM4130,0
DUKANE,I-PRO 8788,456-8788,"200W,UHB",LM3104,0
EIKI,LC-XB41,6103339740 / POA-LMP111,"275W, NSH",LM1118,1
EIKI,LC-XB41N,6103339740 / POA-LMP111,"275W, NSH",LM1118,1
EIKI,LC-XB43,6103339740 / POA-LMP111,"275W, NSH",LM1118,1
EIKI,LC-XB43N,6103339740 / POA-LMP111,"275W, NSH",LM1118,1
EIKI,EIP-4200,AH-42001,"330W, UHP",LM1210,0
EIKI,EIP-D450,AH-42001,"330W, UHP",LM1210,0
EIKI,EIP-SXG20,6103435336 / POA-LMP130,"330W, UHP",LM1112,0
EIKI,EIP-XSP2500,23040028,"230W, ",LM1202,0
EIKI,LC-WGC500A,6103422626 / POA-LMP125,"330W, NSH x 2",LM1180,0
EIKI,LC-WGC500AL,6103422626 / POA-LMP125,"330W, NSH x 2",LM1180,0
EIKI,LC-X800,6103370262 / 6103419497 / POA-LMP128,"330W, NSH x 2",LM1170,0
EIKI,LC-XB100A,6103432069 / POA-LMP131,"225W, ",LM1178,0
EIKI,LC-XBL30,6103452456 / POA-LMP132,"220W, UHP",LM1182,0
EIKI,LC-XD25,6103417493,"175W, UHP",LM1206,0
EIKI,LC-XD25U,6103417493,"175W, UHP",LM1206,0
EIKI,LC-XGC500,6103422626 / POA-LMP125,"330W, NSHA",LM1180,0
EIKI,LC-XGC500L,6103422626 / POA-LMP125,"330W, NSHA",LM1180,0
EIKI,LC-XIP2000,23040011,"205W, NSH",LM1200,0
EIKI,LC-XL100,6103469607,"330W, NSHA",LM1208,0
EIKI,LC-XL200,6103475158,"275w, NSHA",LM1212,0
EIKI,LC-XS25,6103398600,"220W, UHP",LM1204,0
EIKI,LC-XS30,6103398600,"220W, UHP",LM1204,0
EIKI,LC-XS31,6103398600,"220W, UHP",LM1204,0
Epson,PowerLite 6110i,ELPLP45 / V13H010L45H0,"230W, UHE",LM2080,1
Epson,PowerLite Pro G5000,ELPLP47 / V13H010L47,"210W, NSHA",LM2096,1
Epson,PowerLite Pro G5150NL,ELPLP47 / V13H010L47,"210W, NSHA",LM2096,1
Epson,PowerLite Pro G5200WNL,ELPLP46 / V13H010L46,"275W, NSHA",LM2098,1
Epson,PowerLite Pro G5350NL,ELPLP46 / V13H010L46,"275W, NSHA",LM2098,1
Epson,BrightLink 450Wi,V13H010L57,"230W, UHE",LM2130,0
Epson,BrightLink 450WiRM,V13H010L57,"230W, UHE",LM2130,0
Epson,EB-1750,ELPLP65/V13H010L65,"230W, UHE",LM2136,0
Epson,Ensemble HD 1080,V13H010L39,"170W, UHE",LM2084,0
Epson,Ensemble HD 8100,ELPLP49 / V13H010L49,"200W,UHE",LM2122,0
Epson,Ensemble HD 8500,ELPLP49 / V13H010L49,"200W,UHE",LM2122,0
Epson,Ensemble HD Home Cinema 6100,ELPLP49 / V13H010L49,"200W,UHE",LM2122,0
Epson,Ensemble HD Home Cinema 6500,ELPLP49 / V13H010L49,"200W,UHE",LM2122,0
Epson,EX100,ELPLP38 / V13H010L38,,LM2082,0
Epson,EX21,ELPLP41 / V13H010L41,"170W, UHE",LM2088,0
Epson,EX30,ELPLP41 / V13H010L41,"170W, UHE",LM2088,0
Epson,EX31,ELPLP54 / V13H010L54,"200W,UHE",LM2128,0
Epson,EX31,ELPLP54/V13H010L54,"200W, UHE",LM2128,0
Epson,EX31B,ELPLP54 / V13H010L54,"200W,UHE",LM2128,0
Epson,EX50,ELPLP41 / V13H010L41,"170W, UHE",LM2088,0
Epson,EX51,ELPLP54 / V13H010L54,"200W,UHE",LM2128,0
Epson,EX51,ELPLP54/V13H010L54,"200W, UHE",LM2128,0
Epson,EX70,ELPLP41 / V13H010L41,"170W, UHE",LM2088,0
Epson,EX71,ELPLP54 / V13H010L54,"200W,UHE",LM2128,0
Epson,EX71,ELPLP54/V13H010L54,"200W, UHE",LM2128,0
Epson,EX90,V13H010L42,"170W, UHE",LM2090,0
Epson,Home Cinema 705HD,ELPLP54/V13H010L54,"200W, UHE",LM2128,0
Epson,MovieMate 55,ELPLP44 / V13H010L44,"140W, UHE",LM2094,0
Epson,MovieMate 60,V13H010L56,"200W,UHE",LM2132,0
Epson,PowerLite 1716,ELPLP48 / V13H010L48,"170W, UHE",LM2106,0
Epson,PowerLite 1720,ELPLP48 / V13H010L48,"170W, UHE",LM2106,0
Epson,PowerLite 1725,ELPLP48 / V13H010L48,"170W, UHE",LM2106,0
Epson,PowerLite 1730W,ELPLP48 / V13H010L48,"170W, UHE",LM2106,0
Epson,PowerLite 1735W,ELPLP48 / V13H010L48,"170W, UHE",LM2106,0
Epson,PowerLite 1750,ELPLP65/V13H010L65,"230W, UHE",LM2136,0
Epson,PowerLite 1760W,ELPLP65/V13H010L65,"230W, UHE",LM2136,0
Epson,PowerLite 1770W,ELPLP65/V13H010L65,"230W, UHE",LM2136,0
Epson,PowerLite 1775W,ELPLP65/V13H010L65,"230W, UHE",LM2136,0
Epson,PowerLite 1825,ELPLP40 / V13H010L40,"210W, UHE",LM2086,0
Epson,PowerLite 1830,ELPLP53 / V13H010L53,"230W, UHE",LM2126,0
Epson,PowerLite 1915,ELPLP53 / V13H010L53,"230W, UHE",LM2126,0
Epson,PowerLite 1925W,ELPLP53 / V13H010L53,"230W, UHE",LM2126,0
Epson,PowerLite 400W,V13H010L42,"170W, UHE",LM2090,0
Epson,PowerLite 410W,V13H010L42,"170W, UHE",LM2090,0
Epson,PowerLite 450W,V13H010L57,"230W, UHE",LM2130,0
Epson,PowerLite 460,V13H010L57,"230W, UHE",LM2130,0
Epson,PowerLite 78,ELPLP41 / V13H010L41,"170W, UHE",LM2088,0
Epson,PowerLite 825,ELPLP50 / V13H010L50,"200W, UHE",LM2124,0
Epson,PowerLite 825+,ELPLP50 / V13H010L50,"200W, UHE",LM2124,0
Epson,PowerLite 826W,ELPLP50 / V13H010L50,"200W, UHE",LM2124,0
Epson,PowerLite 826W+,ELPLP50 / V13H010L50,"200W, UHE",LM2124,0
Epson,PowerLite 83+,V13H010L42,"170W, UHE",LM2090,0
Epson,PowerLite 83+DC,V13H010L42,"170W, UHE",LM2090,0
Epson,PowerLite 83V+,V13H010L42,"170W, UHE",LM2090,0
Epson,PowerLite 84,ELPLP50 / V13H010L50,"200W, UHE",LM2124,0
Epson,PowerLite 84+,ELPLP50 / V13H010L50,"200W, UHE",LM2124,0
Epson,PowerLite 85,ELPLP50 / V13H010L50,"200W, UHE",LM2124,0
Epson,PowerLite 85+,ELPLP50 / V13H010L50,"200W, UHE",LM2124,0
Epson,PowerLite Home Cinema 6100,ELPLP49 / V13H010L49,"200W, UHE",LM2122,0
Epson,PowerLite Home Cinema 6500 UB,ELPLP49 / V13H010L49,"200W, UHE",LM2122,0
Epson,PowerLite Home Cinema 700,ELPLP41 / V13H010L41,"170W, UHE",LM2088,0
Epson,PowerLite Home Cinema 705HD,ELPLP54 / V13H010L54,"200W, UHE",LM2128,0
Epson,PowerLite Home Cinema 8100,ELPLP49 / V13H010L49,"200W, UHE",LM2122,0
Epson,PowerLite Home Cinema 8500UB,ELPLP49 / V13H010L49,"200W, UHE",LM2122,0
Epson,PowerLite Pro Cinema 7100,ELPLP49 / V13H010L49,"200W, UHE",LM2122,0
Epson,PowerLite Pro Cinema 7500 UB,ELPLP49 / V13H010L49,"200W, UHE",LM2122,0
Epson,PowerLite Pro Cinema 9100,ELPLP49 / V13H010L49,"200W, UHE",LM2122,0
Epson,PowerLite Pro Cinema 9500 UB,ELPLP49 / V13H010L49,"200W, UHE",LM2122,0
Epson,PowerLite Pro Z8000WUNL,ELPLP51 / V13H010L51 / ELPLP52 / V13H010L52,"330W, UHE X2",LM2134,0
Epson,PowerLite Pro Z8050WNL,ELPLP51 / V13H010L51 / ELPLP52 / V13H010L52,"330W, UHE X2",LM2134,0
Epson,PowerLite S6,ELPLP41 / V13H010L41,"170W, UHE",LM2088,0
Epson,PowerLite S7,ELPLP54 / V13H010L54,"200W, UHE",LM2128,0
Epson,PowerLite W6,ELPLP41 / V13H010L41,"170W, UHE",LM2088,0
Epson,PowerLite W7,ELPLP54 / V13H010L54,"200W, UHE",LM2128,0
Epson,VS400,ELPLP53 / V13H010L53,"230W, UHE",LM2126,0
Hitachi,CP-AW100N,DT00891,"220W, NSH",LM3084,1
Hitachi,CP-WX3011N,DT01021 / CPX2010LAM,"210W, UHP",LM3086,1
Hitachi,CPWX8,DT00821 / CPX5LAMP,"190W, UHB",LM3080,1
Hitachi,CPX1,DT00781 / CPX1/253LAMP,"150W, HS",LM3078,1
Hitachi,CP-X2011,DT01021 / CPX2010LAM,"210W, UHP",LM3086,1
Hitachi,CP-X2011N,DT01021 / CPX2010LAM,"210W, UHP",LM3086,1
Hitachi,CP-X2510EN,DT01021 / CPX2010LAM,"210W, UHP",LM3086,1
Hitachi,CP-X2510Z,DT01021 / CPX2010LAM,"210W, UHP",LM3086,1
Hitachi,CP-X2511,DT01021 / CPX2010LAM,"210W, UHP",LM3086,1
Hitachi,CP-X2511N,DT01021 / CPX2010LAM,"210W, UHP",LM3086,1
Hitachi,CPX3,DT00821 / CPX5LAMP,"190W, UHB",LM3080,1
Hitachi,CP-X3010Z,DT01021 / CPX2010LAM,"210W, UHP",LM3086,1
Hitachi,CP-X3011,DT01021 / CPX2010LAM,"210W, UHP",LM3086,1
Hitachi,CP-X3011N,DT01021 / CPX2010LAM,"210W, UHP",LM3086,1
Hitachi,CP-X3511,DT01021 / CPX2010LAM,"210W, UHP",LM3086,1
Hitachi,CPX4,DT00781 / CPX1/253LAMP,"150W, HS",LM3078,1
Hitachi,CP-X4011N,DT01021 / CPX2010LAM,"210W, UHP",LM3086,1
Hitachi,CP-X467,DT00911 / CPX201/301/401LAMP,"220W, NSHA",LM3002,1
Hitachi,CPX8,DT00781 / CPX1/253LAMP,"150W, HS",LM3078,1
Hitachi,CPX9,DT00781 / CPX1/253LAMP,"150W, HS",LM3078,1
Hitachi,ED-X40Z,DT01021 / CPX2010LAM,"210W, UHP",LM3086,1
Hitachi,ED-X42Z,DT01021 / CPX2010LAM,"210W, UHP",LM3086,1
Hitachi,ED-X45N,DT01021 / CPX2010LAM,"210W, UHP",LM3086,1
Hitachi,CP-A200,DT00893 / CPA52LAMP,"230W, UHB",LM3098,0
Hitachi,CP-A52,DT00893 / CPA52LAMP,"230W, UHB",LM3098,0
Hitachi,CP-AW250N,DT01181/ CPAW250NLAMP,"210W,UHP",LM3102,0
Hitachi,CP-DW10N,DT01091/CPD10LAMP,"180W, UHP",LM3088,0
Hitachi,CP-RX78,DT01022 / CPRX80LAMP,"190, UHB",LM3090,0
Hitachi,CP-RX79,DT01151,"200W, UHB",LM3100,0
Hitachi,CP-RX82,DT0821/CPX5LAMP,"200W,UHB",LM3104,0
Hitachi,CP-WUX645N,DT00873/CPWX625LAMP,"275W, UHB",LM3094,0
Hitachi,CP-WX4021N,DT01171/CPX5021NLAMP,"245W,UHP",LM3106,0
Hitachi,CP-X2520,DT01141,"200W,UHB",LM3108,0
Hitachi,CP-X3020,DT01141,"200W,UHB",LM3108,0
Hitachi,CP-X4020E,DT01051,"260W, UHB",LM3096,0
Hitachi,CP-X4021N,DT01171/CPX5021NLAMP,"245W,UHP",LM3106,0
Hitachi,CP-X5021N,DT01171/CPX5021NLAMP,"245W,UHP",LM3106,0
Hitachi,ED-A101,DT00893 / CPA52LAMP,"220W, UHB",LM3098,0
Hitachi,ED-A111,DT00893 / CPA52LAMP,"220W, UHB",LM3098,0
Hitachi,ED-A220NM,DT01181/ CPAW250NLAMP,"210W,UHP",LM3102,0
Hitachi,ED-AW100N,DT01091/CPD10LAMP,"180W, UHP",LM3088,0
Hitachi,ED-AW110N,DT01091/CPD10LAMP,"180W, UHP",LM3088,0
Hitachi,ED-D10N,DT01091/CPD10LAMP,"180W, UHP",LM3088,0
Hitachi,ED-D11N,DT01091/CPD10LAMP,"180W, UHP",LM3088,0
Hitachi,ED-X24Z,DT01022 / CPRX80LAMP,"190W, UHP",LM3090,0
Hitachi,ED-X26,DT01151,"200W, UHB",LM3100,0
Hitachi,ED-X50,DT01141,"200W,UHB",LM3108,0
Hitachi,ED-X52,DT01141,"200W,UHB",LM3108,0
InFocus,IN102,SP-LAMP-060,"220W,",LM6152,0
InFocus,IN104,SP-LAMP-061,"220W,",LM6154,0
InFocus,IN3104EP,SP-LAMP-042,"280W, ",LM6120,0
InFocus,IN5502,SP-LAMP-055,"330W,",LM6146,0
InFocus,IN5502L,SP-LAMP-055,"330W,",LM6146,0
InFocus,IN5504,SP-LAMP-055,"330W,",LM6146,0
InFocus,IN5504L,SP-LAMP-055,"330W,",LM6146,0
InFocus,IN5532,SP-LAMP-055,"330W,",LM6146,0
InFocus,IN5532L,SP-LAMP-055,"330W,",LM6146,0
InFocus,IN5534,SP-LAMP-055,"330W,",LM6146,0
InFocus,IN5534L,SP-LAMP-055,"330W,",LM6146,0
InFocus,SP8602,SP-LAMP-054,"260W,",LM6148,0
Mitsubishi,HC1600,VLT-HC910LP,"200W, NSH",LM8032,1
Mitsubishi,HC5500,VLT-HC5000LP,"160W, NSH",LM8028,1
Mitsubishi,MH2850U,VLT-XL650LP,"260W, NSH",LM8104,1
Mitsubishi,WD500U-ST,VLT-XD510LP,"230W, P-VIP",LM8080,1
Mitsubishi,WD510U,VLT-XD510LP,"230W, P-VIP",LM8080,1
Mitsubishi,WD510U-G,VLT-XD510LP,"230W, P-VIP",LM8080,1
Mitsubishi,WL2650U,VLT-XL650LP,"260W, NSH",LM8104,1
Mitsubishi,XL2550U,VLT-XL650LP,"260W, NSH",LM8104,1
Mitsubishi,EW230U-ST,VLT-EX240LP,"185W, ",LM8124,0
Mitsubishi,EW270U,VLT-EX240LP,"185W, ",LM8124,0
Mitsubishi,EX200U,VLT-EX240LP,"185W, ",LM8124,0
Mitsubishi,EX240U,VLT-EX240LP,"185W, ",LM8124,0
Mitsubishi,FD630U,VLT-XD600LP,,LM8134,0
Mitsubishi,FD630U-G,VLT-XD600LP,,LM8134,0
Mitsubishi,FL7000LU,VLT-XL6600LP,"275W, ",LM8106,0
Mitsubishi,HC6500U,VLT-HC7000LP,"160W,",LM8136,0
Mitsubishi,HC6800,VLT-HC6800LP,"170W,",LM8126,0
Mitsubishi,HC7000,VLT-HC7000LP,"160W,",LM8136,0
Mitsubishi,WD3300U,VLT-XD3200LP,"330W,",LM8132,0
Mitsubishi,WD620U,VLT-XD600LP,"280W,",LM8134,0
Mitsubishi,WD620U-G,VLT-XD600LP,"280W,",LM8134,0
Mitsubishi,WD8200LU,VLT-XD8000LP,,LM8138,0
Mitsubishi,WD8200U,VLT-XD8000LP,,LM8138,0
Mitsubishi,WL6700LU,VLT-XL6600LP,"275W,",LM8106,0
Mitsubishi,WL6700U,VLT-XL6600LP,"275W,",LM8106,0
Mitsubishi,XD211U,VLT-XD210LP,"180W, ",LM8130,0
Mitsubishi,XD221U-D,VLT-XD221LP,"180W, ",LM8114,0
Mitsubishi,XD221U-G,VLT-XD221LP,"180W, ",LM8114,0
Mitsubishi,XD221U-ST,VLT-XD221LP,"180W, ",LM8114,0
Mitsubishi,XD221U-ST-D,VLT-XD221LP,"180W, ",LM8114,0
Mitsubishi,XD250U,VLT-XD280LP,"230W,",LM8128,0
Mitsubishi,XD250U-G,VLT-XD280LP,"230W,",LM8128,0
Mitsubishi,XD250U-ST,VLT-XD280LP,"230W,",LM8128,0
Mitsubishi,XD280U,VLT-XD280LP,"230W,",LM8128,0
Mitsubishi,XD280U-D,VLT-XD280LP,"230W,",LM8128,0
Mitsubishi,XD280U-GD,VLT-XD280LP,"230W,",LM8128,0
Mitsubishi,XD3200U,VLT-XD3200LP,"330W,",LM8132,0
Mitsubishi,XD3500U,VLT-XD3200LP,"330W,",LM8132,0
Mitsubishi,XD600U,VLT-XD600LP,"280W,",LM8134,0
Mitsubishi,XD600U-G,VLT-XD600LP,"280W,",LM8134,0
Mitsubishi,XD8100LU,VLT-XD8000LP,,LM8138,0
Mitsubishi,XD8100U,VLT-XD8000LP,,LM8138,0
Mitsubishi,XD95U,VLT-XD95LP,"200W,",LM8140,0
Mitsubishi,XL6500LU,VLT-XL6600LP,"275W, ",LM8106,0
Mitsubishi,XL6600LU,VLT-XL6600LP,"275W, ",LM8106,0
NEC,NP4000-06FL,NP04LP,"260W, P-VIP",LM1128,1
NEC,NP4000-07ZL,NP04LP,"260W, P-VIP",LM1128,1
NEC,NP4000-08ZL,NP04LP,"260W, P-VIP",LM1128,1
NEC,NP4000-09ZL,NP04LP,"260W, P-VIP",LM1128,1
NEC,NP4000-10ZL,NP04LP,"260W, P-VIP",LM1128,1
NEC,NP4001-06FL,NP04LP,"260W, P-VIP",LM1128,1
NEC,NP4001-07ZL,NP04LP,"260W, P-VIP",LM1128,1
NEC,NP4001-08ZL,NP04LP,"260W, P-VIP",LM1128,1
NEC,NP4001-09ZL,NP04LP,"260W, P-VIP",LM1128,1
NEC,NP4001-10ZL,NP04LP,"260W, P-VIP",LM1128,1
NEC,NP43,NP08LP,"200W, UHP",LMF088,1
NEC,NP500WS,NP07LP,"210W, NSH",LMF124,1
NEC,NP510WS,NP07LP,"210W, NSH",LMF124,1
NEC,NP901W,NP05LP,"210W, NSH",LMF092,1
NEC,NP115,NP13LP,"180W,",LMF130,0
NEC,NP216,NP13LP,"180W,",LMF130,0
NEC,NP4100,NP12LP,"280W,",LMF134,0
NEC,NP4100-06FL,NP12LP,"280W,",LMF134,0
NEC,NP4100-07ZL,NP12LP,"280W,",LMF134,0
NEC,NP4100-08ZL,NP12LP,"280W,",LMF134,0
NEC,NP4100-09ZL,NP12LP,"280W,",LMF134,0
NEC,NP4100-10ZL,NP12LP,"280W,",LMF134,0
NEC,NP4100W-06FL,NP12LP,"280W,",LMF134,0
NEC,NP4100W-07ZL,NP12LP,"280W,",LMF134,0
NEC,NP4100W-08ZL,NP12LP,"280W,",LMF134,0
NEC,NP4100W-09ZL,NP12LP,"280W,",LMF134,0
NEC,NP4100W-10ZL,NP12LP,"280W,",LMF134,0
Optoma,DX606VB,BL-FS180B / SP.88N01GC01,"180W, SHP",LM5134,1
Optoma,DS316L,BL-FU185A / SP.8EH01GC01,"185W, UHP",LM5158,0
Optoma,EX536,BL-FU185A / SP.8EH01GC01,"185W, UHP",LM5158,0
Optoma,GameTime GT360,BL-FP180E / SP.8EF01GC01,"180W, P-VIP",LM5172,0
Optoma,GameTime GT700,BL-FP180E / SP.8EF01GC01,"180W, P-VIP",LM5172,0
Optoma,GameTime GT720,BL-FP180E / SP.8EF01GC01,"180W, P-VIP",LM5172,0
Optoma,HD82,SP.8AF01GC01,"220W, UHP",LM5200,0
Optoma,ThemeScene HD86,BL-FP280C / DE.5811116085-SOT,"280W, P-VIP",LM5178,0
Optoma,TW775,BL-FP330B,"330W, P-VIP",LM5202,0
Optoma,TX785,BL-FP330B,"330W, P-VIP",LM5202,0
Panasonic,PT-LB75EA,ET-LAB80,"220W, HS",LMC011,1
Panasonic,PT-LB75NTEA,ET-LAB80,"220W, HS",LMC011,1
Panasonic,PT-LB75NTU,ET-LAB80,"220W, HS",LMC011,1
Panasonic,PT-LB75U,ET-LAB80,"220W, HS",LMC011,1
Panasonic,PT-LB78U,ET-LAB80,"220W, HS",LMC011,1
Panasonic,PT-LB78VU,ET-LAB80,"220W, HS",LMC011,1
Panasonic,PT-LB80EA,ET-LAB80,"220W, HS",LMC011,1
Panasonic,PT-LB80NTEA,ET-LAB80,"220W, HS",LMC011,1
Panasonic,PT-LB80NTU,ET-LAB80,"220W, HS",LMC011,1
Panasonic,PT-LB80U,ET-LAB80,"220W, HS",LMC011,1
Panasonic,PT-LB90NTU,ET-LAB80,"220W, HS",LMC011,1
Panasonic,PT-LB90U,ET-LAB80,"220W, HS",LMC011,1
Panasonic,PT-LW80NTEA,ET-LAB80,"220W, HS",LMC011,1
Panasonic,PT-LW80NTU,ET-LAB80,"220W, HS",LMC011,1
Panasonic,PT-AE3000U,ET-LAE1000,"165W, HS",LMC118,1
Panasonic,PT-D12000U(Dual),ET-LAD12KF,"300W, UHM x 4",LMC158,0
Panasonic,PT-D12000U(Single),ET-LAD12K,"300W, UHM x 4",LMC156,0
Panasonic,PT-DW6300ES(Dual),ET-LAD60W,"300W, UHM x 2",LMC146,0
Panasonic,PT-DW6300ES(Single),ET-LAD60,"300W, UHM x 2",LMC144,0
Panasonic,PT-DW6300UK(Dual),ET-LAD60W,"300W, UHM x 2",LMC146,0
Panasonic,PT-DW6300UK(Single),ET-LAD60,"300W, UHM x 2",LMC144,0
Panasonic,PT-DW6300ULK(Dual),ET-LAD60W,"300W, UHM x 2",LMC146,0
Panasonic,PT-DW6300ULK(Single),ET-LAD60,"300W, UHM x 2",LMC144,0
Panasonic,PT-DZ12000E(Dual),ET-LAD12KF,"300W, UHM x 4",LMC158,0
Panasonic,PT-DZ12000E(Single),ET-LAD12K,"300W, UHM x 4",LMC156,0
Panasonic,PT-DZ12000U(Dual),ET-LAD12KF,"300W, UHM x 4",LMC158,0
Panasonic,PT-DZ6710L(Dual),ET-LAD60W,"300W, UHM x 2",LMC146,0
Panasonic,PT-DZ6710L(Single),ET-LAD60,"300W, UHM x 2",LMC144,0
Sanyo,PLC-WXE45,610 332 3855,"200/150W, UHP",LM1022,1
Sanyo,PLC-XT21L,610 330 7329 / POA-LMP105,"300W, UHP",LM1114,1
Sanyo,PDG-DWL2500,610 351 3744,"275W,",LM1214,0
Sanyo,PDG-DXL2000,610 351 3744,"275W,",LM1214,0
Sanyo,PLC-WM4500,6103475158,"275w, NSHA",LM1212,0
Sanyo,PLC-WM4500L,6103475158,"275w, NSHA",LM1212,0
Sanyo,PLC-WM5500,610 346 9607,"330W,",LM1222,0
Sanyo,PLC-WM5500L,610 346 9607,"330W,",LM1222,0
Sanyo,PLC-WTC500L,610 342 2626 / POA-LMP125,"330W, NSHA",LM1180,0
Sanyo,PLC-XD2200,610 349 7518,"215W, UHP",LM1224,0
Sanyo,PLC-XD2600,610 349 7518,"215W, UHP",LM1224,0
Sanyo,PLC-XL51,610 337 9937,"275W, NSHA",LM1218,0
Sanyo,PLC-XM100,645 097 4069,"275W, NSH",LM1226,0
Sanyo,PLC-XM150,645 097 4069,"330W, NSH",LM1226,0
Sanyo,PLC-XU300,610 343 2069 / POA-LMP131,"225W, UHP",LM1178,0
Sanyo,PLC-XU305,610 343 2069 / POA-LMP131,"225W, UHP",LM1178,0
Sanyo,PLC-XU350,610 343 2069 / POA-LMP131,"225W, UHP",LM1178,0
Sanyo,PLC-XU355,610 343 2069 / POA-LMP131,"225W, UHP",LM1178,0
Sanyo,PLV-1080HD,610 336 5404,"165W, UHP",LM1216,0
Sanyo,PLV-Z4000,610 344 5120,"165W, UHP",LM1220,0
Sony,BRAVIA VPL -BW7,LMP-E191,"190W, UHP",LMA106,1
Sony,BRAVIA VPL -VW40,LMP-H200,"200W, UHP",LMA068,1
Sony,VPL -BW5,LMP-E190,"190W, HSCR",LMA034,1
Sony,BRAVIA VPL -HW15,LMP-H201,"200W, UHP",LMA100,0
Sony,BRAVIA VPL -VW85,LMP-H201,"200W, UHP",LMA100,0
Sony,SRXT105,SRX-T105,"1000W, Xenon x2",LMA114,0
Sony,SRXT110,SRX-T110,"2000W, Xenon x2",LMA116,0
ViewSonic,PJ513DB,RLC-035,"180W, UHP",LMO4074,1
ViewSonic,PJL3211,RLC-039,"190W,",LM3080,1
ViewSonic,PJ513DB,RLC-035,"180W, UHP",LM4074,0
ViewSonic,PJD2121,RLC-052,"50W,",LMD116,0
ViewSonic,PJD5112,RLC-050,"180W,",LMD110,0
ViewSonic,PJD5122,RLC-055,"220W,",LMD118,0
ViewSonic,PJD5152,RLC-055,"220W,",LMD118,0
ViewSonic,PJD5352,RLC-055,"220W,",LMD118,0
ViewSonic,PJD6210-3D,RLC-046,"180W,",LMD108,0
ViewSonic,PJD6220,RLC-034,"180W, HSCR",LMD050,0
ViewSonic,PJD6220-3D,RLC-034,"180W, HSCR",LMD050,0
ViewSonic,PJD6221,RLC-050,"180W,",LMD110,0
ViewSonic,PJD6230,RLC-036,"200W,",LMD054,0
ViewSonic,PJD6251,RLC-051,"280W,",LMD120,0
ViewSonic,PJD6531w,RLC-049,"230W,",LMD112,0
ViewSonic,PJD7382,RLC-057,"210W,",LMD126,0
ViewSonic,PJL7211,RLC-054,"190W,",LMD124,0
ViewSonic,PJL9371,RLC-053,"260W,",LMD122,0
