Brand,ProjectorModel,OEMLampModule,OEM_LT,UHR_LM,InStock,BL status
SANYO,PLV-1080HD,POA-LMP114/610 336 5404,"165W, HS",LM1132,1,1
INFOCUS,TD61,SP-LAMP-022,"180/150W, UHP",RM813,0,1
INFOCUS,SP61MD10,SP-LAMP-022,"180/150W, UHP",RM813,0,1
INFOCUS,SP50MD10,SP-LAMP-022,"180/150W, UHP",RM813,0,1
DUKANE,I-PRO 8755,456-232,"165W, HSCR",LM3014,1,1
HITACHI,CP-X809,DT00873/CPWX625LAMP,"275W, UHB",LM3094,0,0
HITACHI,CP-WX625,DT00873/CPWX625LAMP,"275W, UHB",LM3094,0,0
HITACHI,CP-SX635,DT00873/CPWX625LAMP,"275W, UHB",LM3094,0,0
MITSUBISHI,FD630U,VLT-XD600LP,"280W,",LM8134,0,0
MITSUBISHI,FD630U-G,VLT-XD600LP,"280W,",LM8134,0,0
EIKI,LC-XBL25,POA-LMP132/610 345 2456,"220/150W, UHP",LM1188,0,1
EIKI,LC-XBL20,POA-LMP132/610 345 2456,"220/150W, UHP",LM1188,0,1
EIKI,LC-XBL30,POA-LMP132/610 345 2456,"220/150W, UHP",LM1188,0,1
SANYO,PLC-XW250,POA-LMP132/610 345 2456,"220/150W, UHP",LM1188,0,1
SANYO,PLC-XW200,POA-LMP132/610 345 2456,"220/150W, UHP",LM1188,0,1
SANYO,PLC-XE33,POA-LMP132/610 345 2456,"220/150W, UHP",LM1188,0,1
SANYO,PLC-XL51A,POA-LMP121/610 337 9937,"275W, NSHA",LM1218,0,0
SANYO,PLC-XL50,POA-LMP121/610 337 9937,"275W, NSHA",LM1218,0,0
SANYO,PLC-XL51,POA-LMP121/610 337 9937,"275W, NSHA",LM1218,0,0
SONY,VPL DX15,LMP-D200,"200W, UHP",LMA110,1,0
SONY,VPL DX11,LMP-D200,"200W, UHP",LMA110,1,0
SONY,VPL DX10,LMP-D200,"200W, UHP",LMA110,1,0
SONY,VPL TX70,LMP-E191,"190W, UHP",LMA106,1,0
SONY,VPL TX7,LMP-E191,"200/150W, UHP",LMA106,1,0
SONY,VPL EX100,LMP-E211,"210W, UHP",LMA130,0,0
SONY,VPL EX120,LMP-E211,"210W, UHP",LMA130,0,0
SONY,VPL EX145,LMP-E211,"210W, UHP",LMA130,0,0
SONY,VPL EX175,LMP-E211,"210W, UHP",LMA130,0,0
SONY,VPL VW90ES ,LMP-H201 ,"200W, UHP",LMA100,1,1
SONY,VPL HW20,LMP-H201 ,"200W, UHP",LMA100,1,1
SONY,VPL FX30,LMP-F230,"230W,",LMA132,0,0
SONY,VPL-FX35,LMP-F272,"275W,",LMA134,0,0
MITSUBISHI,XD2000U,VLT-XD2000LP,"240/300W, NSH",LM8060,1,1
MITSUBISHI,XD1000U,VLT-XD2000LP,"240/300W, NSH",LM8060,1,1
MITSUBISHI,WD2000,VLT-XD2000LP,"240/300W, NSH",LM8060,1,1
SONY,VPL TX70,LMP-E191,"200/150W, UHP",LMA106,1,1
SONY,VPL TX7,LMP-E191,"200/150W, UHP",LMA106,1,1
SONY,VPL EX70,LMP-E191,"200/150W, UHP",LMA106,1,1
SONY,VPL EX7,LMP-E191,"200/150W, UHP",LMA106,1,1
SONY,VPL EW7,LMP-E191,"200/150W, UHP",LMA106,1,1
SONY,VPL ES7,LMP-E191,"200/150W, UHP",LMA106,1,1
SONY,VPL BW7,LMP-E191,"200/150W, UHP",LMA106,1,1
SONY,BRAVIA VPL -BW7,LMP-E191,"200/150W, UHP",LMA106,1,1
