Brand,ProjectorModel,OEMLampModule,OEM_LT,UHR_LM,LM_Status,UHR_BL,BL_Status
PHILIPS,928138905390,928138905390,,RMA09,0,UHR110,1
RCA,252115,252115,,RM819,0,UHR100,1
RCA,274417,274417,,RM821,0,UHR110,1
RCA,275179,275179,,RM817,0,UHR110,1
VIVITEK,D535,D535,"240W, SHP",LMOW04,0,9SH240E4646A0,1
SANYO,PDG-DSU30,POA-LMP133,"180W, P-VIP",LMO1186,0,9VI180E5151A1,1
VIVITEK,D837,D837,"230W, P-VIP",LMOW02,0,9VI230E5151A0,1
TOSHIBA,TDPTW355,TLPLW14,"300W, NSHA",LM7150,1,GU300LA55NEC5656D-KNY3,1
CANON,LV-5100,"LV-LP09,610 285 2912","132W, UHP",LM1018,1,HU120HA55YPH5256B-KSNN,1
CANON,LV-5110,"LV-LP09,610 285 2912","132W, UHP",LM1018,1,HU120HA55YPH5256B-KSNN,1
SANYO,PLC-5600N,POA-LMP14,"120W, UHP",LM1036,1,HU120HA55YPH9595A-ICNN,1
PANASONIC,PT-LB51NTU,ET-LAB50,"165W, HS",LMC010,1,JU165HA48NEH4545A-JNNN,1
PANASONIC,PT-LB51U,ET-LAB50,"165W, HS",LMC010,1,JU165HA48NEH4545A-JNNN,1
DELL,1200MP,"310-7522,YF562,725-10092","200W, P-VIP",LMD001,1,JU200HA48YEH4646B-TNZ2,1
DELL,1201MP,"310-7522,YF562,725-10092","200W, P-VIP",LMD001,1,JU200HA48YEH4646B-TNZ2,1
VIEWSONIC,PJ402D,RLC-001,"200W, P-VIP",LMD001,1,JU200HA48YEH4646B-TNZ2,1
NOBO,X23M,SP.80N01.001,"200W, SHP",LM5042,1,JU200LD50NEH5151B-JNZA,1
PROXIMA,DP9295,SP-LAMP-011,"275W, NSH",LM1007,1,JU275HD55YPC8080C-TSZG,1
EIKI,LC-X1100,610-297-3891,"275W, NSH",LM1007,1,JU275HD55YPC8080C-TSZG,1
EIKI,LC-X986,610-297-3891,"275W, NSH",LM1007,1,JU275HD55YPC8080C-TSZG,1
INFOCUS,LP810,SP-LAMP-011,"275W, NSH",LM1007,1,JU275HD55YPC8080C-TSZG,1
CHRISTIE,LX33,03-000667-01P,"275W, NSH",LM1007,1,JU275HD55YPC8080C-TSZG,1
CHRISTIE,LX41,03-000667-01P,"275W, NSH",LM1007,1,JU275HD55YPC8080C-TSZG,1
SANYO,PLC-XP41,"POA-LMP47,610-297-3891","275W, NSH",LM1007,1,JU275HD55YPC8080C-TSZG,1
SANYO,PLC-XP41L,"POA-LMP47,610-297-3891","275W, NSH",LM1007,1,JU275HD55YPC8080C-TSZG,1
SANYO,PLC-XP46,"POA-LMP47,610-297-3891","275W, NSH",LM1007,1,JU275HD55YPC8080C-TSZG,1
SANYO,PLC-XP46L,"POA-LMP47,610-297-3891","275W, NSH",LM1007,1,JU275HD55YPC8080C-TSZG,1
INFOCUS,IN146,SP-LAMP-046,"275W, NSH",LM3082,1,JU275LA55NEC5656B-KNY3,1
INFOCUS,IN5110,SP-LAMP-046,"275W, NSH",LM3082,1,JU275LA55NEC5656B-KNY3,1
ZINETH,4930V00301A,4930V00301A,,RM913,0,UHR100,1
PHILIPS,50ML8305D,SP.L6502G001,"100/132W, UHP",RMA05,1,UHR100,1
SHARP,56DR650 ,ANR65LP1/1,,RMB01,0,UHR100,1
SHARP,CLMPF0056CE01,CLMPF0056CE01,,RMB05,0,UHR100,1
GATEWAY,DLP56TV,7005089,,RMZ01,0,UHR100,1
GEMSTAR,GDT56DRP,GDT56DRP,,RML01,0,UHR100,1
VIVITEK,HD2100U,379755220,,RMC03,0,UHR100,1
RCA,HD50LPW162YX1,"265103,265103R",,RM803,0,UHR100,1
RCA,HD50LPW162YX2,"265103,265103R",,RM803,0,UHR100,1
RCA,HD50LPW162YX3,260962,,RM801,0,UHR100,1
RCA,HD50LPW162YX4,260962,,RM801,0,UHR100,1
RCA,HD50LPW163YX1,"265103,265103R",,RM803,0,UHR100,1
RCA,HD50LPW163YX2,"265103,265103R",,RM803,0,UHR100,1
RCA,HD50LPW163YX3,260962,,RM801,0,UHR100,1
RCA,HD50LPW163YX4,260962,,RM801,0,UHR100,1
RCA,HD50LPW42YX,260962,,RM801,0,UHR100,1
RCA,HD50LPW42YX1,260962,,RM801,0,UHR100,1
RCA,HD50LPW42YX2,260962,,RM801,0,UHR100,1
RCA,HD50LPW42YX3,"265103,265103R",,RM803,0,UHR100,1
RCA,HD50LPW42YX4,"265103,265103R",,RM803,0,UHR100,1
RCA,HD61LPW162YX1,"265103,265103R",,RM803,0,UHR100,1
RCA,HD61LPW162YX2,"265103,265103R",,RM803,0,UHR100,1
RCA,HD61LPW162YX3,260962,,RM801,0,UHR100,1
RCA,HD61LPW163YX1,"265103,265103R",,RM803,0,UHR100,1
RCA,HD61LPW163YX2,"265103,265103R",,RM803,0,UHR100,1
RCA,HD61LPW163YX3,260962,,RM801,0,UHR100,1
RCA,HD61LPW163YX4,260962,,RM801,0,UHR100,1
RCA,HD61LPW163YX5,"265103,265103R",,RM803,0,UHR100,1
RCA,HD61LPW163YX6,260962,,RM801,0,UHR100,1
RCA,HD61LPW42YX1,260962,,RM801,0,UHR100,1
RCA,HD61LPW42YX2,260962,,RM801,0,UHR100,1
RCA,HD61LPW42YX3,"265103,265103R",,RM803,0,UHR100,1
RCA,HD61LPW42YX4,"265103,265103R",,RM803,0,UHR100,1
RCA,HD61LPW42YX5,260962,,RM801,0,UHR100,1
RCA,HD61LPW42YX6,260962,,RM801,0,UHR100,1
RCA,HDLP50W151YX2,"265103,265103R",,RM803,0,UHR100,1
RCA,HDLP50W151YX3,260962,,RM801,0,UHR100,1
RCA,HDLP50W151YX4,"265103,265103R",,RM803,0,UHR100,1
RCA,HDLP50W162,260962,,RM801,0,UHR100,1
RCA,HDLP60W164,260962,,RM801,0,UHR100,1
RCA,HDLP61W151YX1,260962,,RM801,0,UHR100,1
RCA,HDLP61W151YX1,260962,,RM801,0,UHR100,1
RCA,HDLP61W151YX2,"265103,265103R",,RM803,0,UHR100,1
RCA,HDLP61W151YX3,260962,,RM801,0,UHR100,1
RCA,HDLP61W151YX4,"265103,265103R",,RM803,0,UHR100,1
RCA,HDLP61W162,260962,,RM801,0,UHR100,1
RCA,HDLP61W163,260962,,RM801,0,UHR100,1
VIVITEK,HDT2100,3797048800,,RMC01,0,UHR100,1
SAMSUNG,HLM4365WX/XAA,BP96-00224A,"100/132W, UHP",RM200,1,UHR100,1
SAMSUNG,HLM437WX/XAA,BP96-00224A,"100/132W, UHP",RM200,1,UHR100,1
SAMSUNG,HLM437WX/XAC,BP96-00224A,"100/132W, UHP",RM200,1,UHR100,1
SAMSUNG,HLM5065WX/XAA,BP96-00224A,"100/132W, UHP",RM200,1,UHR100,1
SAMSUNG,HLM507WX/XAA,BP96-00224A,"100/132W, UHP",RM200,1,UHR100,1
SAMSUNG,HLM507WX/XAC,BP96-00224A,"100/132W, UHP",RM200,1,UHR100,1
SAMSUNG,HLM617WX/XAA,BP96-00224B,"100/132W, UHP",RM200,1,UHR100,1
SAMSUNG,HLN4365W1X/XAA,"BP96-00224C,BP96-00224D,BP96-00224E,BP96-00224J","100/132W, UHP",RM201,1,UHR100,1
SAMSUNG,HLN4365W1X/XAC,"BP96-00224C,BP96-00224D,BP96-00224E,BP96-00224J","100/132W, UHP",RM201,1,UHR100,1
SAMSUNG,HLN4365WX/XAA,BP96-00224A,"100/132W, UHP",RM200,1,UHR100,1
SAMSUNG,HLN4365WX/XAC,BP96-00224A,"100/132W, UHP",RM200,1,UHR100,1
SAMSUNG,HLN437W1X/XAA,"BP96-00224C,BP96-00224D,BP96-00224E,BP96-00224J","100/132W, UHP",RM201,1,UHR100,1
SAMSUNG,HLN437WX/XAA,BP96-00224A,"100/132W, UHP",RM200,1,UHR100,1
SAMSUNG,HLN467WX/XAA,BP96-00224A,"100/132W, UHP",RM200,1,UHR100,1
SAMSUNG,HLN467WX/XAC,BP96-00224A,"100/132W, UHP",RM200,1,UHR100,1
SAMSUNG,HLN5065W1X/XAA,"BP96-00224C,BP96-00224D,BP96-00224E,BP96-00224J","100/132W, UHP",RM201,1,UHR100,1
SAMSUNG,HLN5065WX/XAA,BP96-00224A,"100/132W, UHP",RM200,1,UHR100,1
SAMSUNG,HLN5065WX/XAC,BP96-00224A,"100/132W, UHP",RM200,1,UHR100,1
SAMSUNG,HLN507W1X/XAA,"BP96-00224C,BP96-00224D,BP96-00224E,BP96-00224J","100/132W, UHP",RM201,1,UHR100,1
SAMSUNG,HLN507WX/XAA,BP96-00224A,"100/132W, UHP",RM200,1,UHR100,1
SAMSUNG,HLN567WX/XAA,BP96-00224A,"100/132W, UHP",RM200,1,UHR100,1
SAMSUNG,HLN567WX/XAC,BP96-00224A,"100/132W, UHP",RM200,1,UHR100,1
SAMSUNG,HLN617W1X/XAA,"BP96-00224C,BP96-00224D,BP96-00224E,BP96-00224J","100/132W, UHP",RM201,1,UHR100,1
SAMSUNG,HLN617WS/XAA,"BP96-00224C,BP96-00224D,BP96-00224E,BP96-00224J","100/132W, UHP",RM201,1,UHR100,1
SAMSUNG,HLN617WX/XAA,BP96-00224B,"100/132W, UHP",RM200,1,UHR100,1
SAMSUNG,HLN617WX/XAC,BP96-00224B,"100/132W, UHP",RM200,1,UHR100,1
SAMSUNG,HLP4674WX/XAA,"BP96-00224C,BP96-00224D,BP96-00224E,BP96-00224J","100/132W, UHP",RM201,1,UHR100,1
SAMSUNG,HLP5674WX/XAA,"BP96-00224C,BP96-00224D,BP96-00224E,BP96-00224J","100/132W, UHP",RM201,1,UHR100,1
SAMSUNG,HLR4677WX/XAA,"BP96-00224C,BP96-00224D,BP96-00224E,BP96-00224J","100/132W, UHP",RM201,1,UHR100,1
SAMSUNG,HLR5677WX/XAA,"BP96-00224C,BP96-00224D,BP96-00224E,BP96-00224J","100/132W, UHP",RM201,1,UHR100,1
SAMSUNG,PLH403W1X/XAA,AA47-10001B,,RM209,0,UHR100,1
SAMSUNG,PLH403W3,AA47-00003A,,RM207,0,UHR100,1
SAMSUNG,PLH403WS3,AA47-00003A,,RM207,0,UHR100,1
SAMSUNG,PLK405W,AA47-00003A,,RM207,0,UHR100,1
SAMSUNG,PLK405WX,AA47-00003A,,RM207,0,UHR100,1
SAMSUNG,PLK435WS,AA47-00003A,,RM207,0,UHR100,1
SAMSUNG,PLK435WSX,AA47-00003A,,RM207,0,UHR100,1
VIVITEK,RP51HD41A,379755220,,RMC03,0,UHR100,1
VIVITEK,RP56HD21,3797048800,,RMC01,0,UHR100,1
VIVITEK,RP56HD21A,3797048800,,RMC01,0,UHR100,1
VIVITEK,RP56HD22,379755220,,RMC03,0,UHR100,1
VIVITEK,RP56HD22A,3797631900-S,,RMC05,0,UHR100,1
ZINETH,RU44SZ51D,6912B22002C,,RM903,0,UHR100,1
ZINETH,RU44SZ51D,6912B22007A,,RM905,0,UHR100,1
ZINETH,RU44SZ61D,6912B22002C,,RM903,0,UHR100,1
ZINETH,RU44SZ61D,6912B22007A,,RM905,0,UHR100,1
ZINETH,RU44SZ63D,6912B22007A,,RM905,0,UHR100,1
ZINETH,RU52SZ51D,6912B22002C,,RM903,0,UHR100,1
ZINETH,RU52SZ51D,6912B22007A,,RM905,0,UHR100,1
ZINETH,RU52SZ61D,6912B22002C,,RM903,0,UHR100,1
ZINETH,RU52SZ61D,6912B22007A,,RM905,0,UHR100,1
SAMSUNG,SLJ402WX/XAA ,AA47-10001B,,RM209,0,UHR100,1
SAMSUNG,SLK407W,AA47-00003A,,RM207,0,UHR100,1
SAMSUNG,SLK407WX,AA47-00003A,,RM207,0,UHR100,1
SAMSUNG,ST43L2HDX/XAX,BP96-00224A,"100/132W, UHP",RM200,1,UHR100,1
SAMSUNG,ST50L2HDX/XA,BP96-00224A,"100/132W, UHP",RM200,1,UHR100,1
SAMSUNG,ST50L2HDX/XAX,"BP96-00224C,BP96-00224D,BP96-00224E,BP96-00224J","100/132W, UHP",RM201,1,UHR100,1
SAMSUNG,ST61L2HDX/STR,"BP96-00224C,BP96-00224D,BP96-00224E,BP96-00224J","100/132W, UHP",RM201,1,UHR100,1
SAMSUNG,ST61L2HDX/XAX ,"BP96-00224C,BP96-00224D,BP96-00224E,BP96-00224J","100/132W, UHP",RM201,1,UHR100,1
VIZIO,W347DD001492,W347DD001492,,RMX03,0,UHR100,1
PHILIPS,50PL9126D/37,3.14E+11,,RMA07,0,UHR110,1
LG,52SX4D,6912B22007B,,RM919,0,UHR110,1
PHILIPS,60PL9200D/37,3.14E+11,,RMA07,0,UHR110,1
LG,62SX4D,6912B22007B,,RM919,0,UHR110,1
ZINETH,6912B22010A,6912B22010A,,RM909,0,UHR110,1
SAMSUNG,BP96-01600A,BP96-01600A,,RM261,0,UHR110,1
SAMSUNG,BP96-01869A,BP96-01869A,,RM263,0,UHR110,1
LG,DT62SZ71DB,6912B22007B,,RM919,0,UHR110,1
RCA,HD44LPW164YX1,265866,,RM805,0,UHR110,1
RCA,HD44LPW164YX2,265866,,RM805,0,UHR110,1
RCA,HD44LPW165YX1,265866,,RM805,0,UHR110,1
RCA,HD44LPW165YX2,265866,,RM805,0,UHR110,1
RCA,HD44LPW165YX3,265866,,RM805,0,UHR110,1
RCA,HD44LPW166YX1(W1),265919,,RM815,0,UHR110,1
RCA,HD44LPW62YX1(W1),265919,,RM815,0,UHR110,1
RCA,HD50LPW164YX1,265866,,RM805,0,UHR110,1
RCA,HD50LPW164YX2,265866,,RM805,0,UHR110,1
RCA,HD50LPW164YX3,265866,,RM805,0,UHR110,1
RCA,HD50LPW164YX4,265866,,RM805,0,UHR110,1
RCA,HD50LPW165,265866,,RM805,0,UHR110,1
RCA,HD50LPW165YX1,265866,,RM805,0,UHR110,1
RCA,HD50LPW165YX2,265866,,RM805,0,UHR110,1
RCA,HD50LPW165YX3,265866,,RM805,0,UHR110,1
RCA,HD50LPW165YX4,265866,,RM805,0,UHR110,1
RCA,HD50LPW166(W1),265919,,RM815,0,UHR110,1
RCA,HD50LPW166AYX2(W1),265919,,RM815,0,UHR110,1
RCA,HD50LPW175YX1,269343,,RM807,0,UHR110,1
RCA,HD50LPW175YX12,270414,,RM809,0,UHR110,1
RCA,HD50LPW175YX2,271326,,RM811,0,UHR110,1
RCA,HD50LPW52YX1,265866,,RM805,0,UHR110,1
RCA,HD50LPW52YX2,265866,,RM805,0,UHR110,1
RCA,HD50LPW52YX3,265866,,RM805,0,UHR110,1
RCA,HD50LPW62AYX2,265866,,RM805,0,UHR110,1
RCA,HD61LPW164YX1,265866,,RM805,0,UHR110,1
RCA,HD61LPW164YX2,265866,,RM805,0,UHR110,1
RCA,HD61LPW164YX3,265866,,RM805,0,UHR110,1
RCA,HD61LPW164YX4,265866,,RM805,0,UHR110,1
RCA,HD61LPW165YX1,265866,,RM805,0,UHR110,1
RCA,HD61LPW165YX2,265866,,RM805,0,UHR110,1
RCA,HD61LPW165YX3,265866,,RM805,0,UHR110,1
RCA,HD61LPW165YX4,265866,,RM805,0,UHR110,1
RCA,HD61LPW175YX1,269343,,RM807,0,UHR110,1
RCA,HD61LPW52YX1,265866,,RM805,0,UHR110,1
RCA,HD61LPW52YX2,265866,,RM805,0,UHR110,1
RCA,HD61LPW52YX3,265866,,RM805,0,UHR110,1
SAMSUNG,HL-R4667W,BP96-01394A,,RM239,0,UHR110,1
SAMSUNG,HLR5067W,BP96-01099A,,RM221,0,UHR110,1
SAMSUNG,HLR5656W,BP96-01099A,,RM221,0,UHR110,1
SAMSUNG,HLR5688WX/XAA,BP47-00023A,,RM259,0,UHR110,1
SAMSUNG,HLR5688WX/XAA,BP96-01415A,,RM223,0,UHR110,1
SAMSUNG,HLR6156W,BP96-01099A,,RM221,0,UHR110,1
SAMSUNG,HLR6767W,BP96-01099A,,RM221,0,UHR110,1
SAMSUNG,HLR6768W,BP96-01099A,,RM221,0,UHR110,1
SAMSUNG,HLR6768WX,BP96-01099A,,RM221,0,UHR110,1
SAMSUNG,HLR6768WX/XAA,BP96-01099A,,RM221,0,UHR110,1
SAMSUNG,HLR7178W,BP96-01099A,,RM221,0,UHR110,1
SAMSUNG,HLR7178WX/XAA,BP96-01099A,,RM221,0,UHR110,1
SAMSUNG,HLT5675SX/XAA,BP96-01653A,"132/120W, UHP",RM241,1,UHR110,1
SAMSUNG,HLT6176SX,BP96-01795A,"132W, UHP",RM243,1,UHR110,1
RCA,M50WH187,270414,,RM809,0,UHR110,1
RCA,M50WH72S,270414,,RM809,0,UHR110,1
RCA,M50WH74,270414,,RM809,0,UHR110,1
RCA,M50WH74S,270414,,RM809,0,UHR110,1
RCA,M61WH74S,270414,,RM809,0,UHR110,1
AKAI,PT50DL14,"BP96-01073A,BP96-01074A","120W, VIP",RM205,1,UHR110,1
LG,RT44SZ80LB,6912B22007B,,RM919,0,UHR110,1
PHILIPS,SP.98F01G001,SP.98F01G001,,RMA11,0,UHR110,1
SAMSUNG,SP43L2HX1X/RAD,BP96-00497A,,RM231,0,UHR110,1
LG,Z44SZ80,6912B22007B,,RM919,0,UHR110,1
LG,Z52SZ80,6912B22007B,,RM919,0,UHR110,1
JVC,PK-CL120UAA,PK-CL120UAA,,RM505,0,UHR140,1
PHILIPS,44PL9522,3.12E+11,,RMA01,0,UHR150,1
PHILIPS,44PL952217,3.12E+11,,RMA01,0,UHR150,1
PHILIPS,44PL9523,3.12E+11,,RMA01,0,UHR150,1
PHILIPS,55PL9223,3.12E+11,,RMA01,0,UHR150,1
PHILIPS,55PL9224,3.12E+11,,RMA01,0,UHR150,1
PHILIPS,55PL9524/37,3.12E+11,,RMA01,0,UHR150,1
PHILIPS,55PL9773/17,3.12E+11,,RMA01,0,UHR150,1
PHILIPS,55PL9774,3.12E+11,,RMA01,0,UHR150,1
PHILIPS,55PL977437,3.12E+11,,RMA01,0,UHR150,1
PHILIPS,55PL977S,3.12E+11,,RMA01,0,UHR150,1
PHILIPS,62PL9774,3.12E+11,,RMA01,0,UHR150,1
SONY,KDS70Q006,"XL-5000,XL-5000U",,RM123,0,UHR159,1
MITSUBISHI,WDV-65000,WDV-65000LP,"100W, UHP",RM741,0,UHR160,1
MITSUBISHI,WDV-65100,WDV-65100LP,,RM743,0,UHR160,1
SANYO,PLV-55WR2C,"POA-LMP96,610 322 7382","150W, SHP",RMW01,0,UHR190,1
SANYO,PLV-65WHD1,"POA-LMP96,610 322 7382","150W, SHP",RMW01,0,UHR190,1
ZINETH,D52WLCD,6912V00006C,,RM911,0,,
VIVITEK,D535,D535,"240W, SHP",LMW04,0,,
VIVITEK,D837,D837,"230W, P-VIP",LMW02,0,,
JVC,DLA-HD2KE,BHL-5006-S,"250W, NSH",LMU016,0,,
ZINETH,E44W46LCD,6912V00006C,,RM911,0,,
ZINETH,E44W48LCD,6912V00006C,,RM911,0,,
EPSON,EB-1750,"ELPLP65,V13H010L65","230/205W, UHE",LM2136,0,,
INFOCUS,IN3914,SP-LAMP-062,"220W,",LM6160,0,,
INFOCUS,IN3916,SP-LAMP-062,"220W,",LM6160,0,,
INFOCUS,IN5122,SP-LAMP-064,"245W, UHP",LM6162,0,,
INFOCUS,IN5124,SP-LAMP-064,"245W, UHP",LM6162,0,,
INFOCUS,IN5533 (lamp 1),SP-LAMP-055,"330W,",LM6146,0,,
INFOCUS,IN5533 (lamp 1+2),SP-LAMP-IN55B,"330W,",LM6158,0,,
INFOCUS,IN5533 (lamp 2),SP-LAMP-056,"330W,",LM6156,0,,
INFOCUS,IN5533L (lamp 1),SP-LAMP-055,"330W,",LM6146,0,,
INFOCUS,IN5533L (lamp 1+2),SP-LAMP-IN55B,"330W,",LM6158,0
INFOCUS,IN5533L (lamp 2),SP-LAMP-056,"330W,",LM6156,0
INFOCUS,IN5535 (lamp 1),SP-LAMP-055,"330W,",LM6146,0
INFOCUS,IN5535 (lamp 1+2),SP-LAMP-IN55B,"330W,",LM6158,0
INFOCUS,IN5535 (lamp 2),SP-LAMP-056,"330W,",LM6156,0
INFOCUS,IN5535L (lamp 1),SP-LAMP-055,"330W,",LM6146,0
INFOCUS,IN5535L (lamp 1+2),SP-LAMP-IN55B,"330W,",LM6158,0
INFOCUS,IN5535L (lamp 2),SP-LAMP-056,"330W,",LM6156,0
ZINETH,M52W56LCD,6912V00006C,,RM911,0
SANYO,PDG-DSU30,POA-LMP133,"180W, P-VIP",LM1186,0
EPSON,PowerLite 1750,"ELPLP65,V13H010L65","230/205W, UHE",LM2136,0
EPSON,PowerLite 1760W,"ELPLP65,V13H010L65","230/205W, UHE",LM2136,0
EPSON,PowerLite 1770W,"ELPLP65,V13H010L65","230/205W, UHE",LM2136,0
EPSON,PowerLite 1775W,"ELPLP65,V13H010L65","230/205W, UHE",LM2136,0
ZINETH,RU44SZ80L,6912V00006C,,RM911,0
ZINETH,RU48SZ40,6912V00006C,,RM911,0
MITSUBISHI,UD8400LU,VLT-XD8000LP,"330W, x2",LM8138,0
MITSUBISHI,UD8400U,VLT-XD8000LP,"330W, x2",LM8138,0
SMART,UF55,20-01032-20,,LMV002,0
SMART,UF55W,20-01032-20,,LMV004,0
SMART,UX60,20-01175-20,,LMV006,0