Brand,ProjectorModel,OEMLampModule,OEM_LT,UHR_LM,LM_Status,UHR_BL,BL_Status
SHARP,XG-C330X,"AN-C430LP,AN-C430LP/1","275W, NSHA",LMB296,0,,0
SHARP,XG-C335X,"AN-C430LP,AN-C430LP/1","275W, NSHA",LMB296,0,,0
SHARP,XG-C430X,"AN-C430LP,AN-C430LP/1","275W, NSHA",LMB296,0,,0
SHARP,XG-C435X,"AN-C430LP,AN-C430LP/1","275W, NSHA",LMB296,0,,0
SHARP,XG-C465X,"AN-C430LP,AN-C430LP/1","275W, NSHA",LMB296,0,,0
PANASONIC,PT-LB90NT,ET-LAB80,"220W, HS",LMC011,1,JU220HA48YEH5959A-JNNN,1
PANASONIC,PT-LB90,ET-LAB80,"220W, HS",LMC011,1,JU220HA48YEH5959A-JNNN,1
PANASONIC,PT-LB78V,ET-LAB80,"220W, HS",LMC011,1,JU220HA48YEH5959A-JNNN,1
PANASONIC,PT-LB75V,ET-LAB80,"220W, HS",LMC011,1,JU220HA48YEH5959A-JNNN,1
PANASONIC,PT-LB2U,ET-LAB2,"220W, UHM",LMC176,0,,0
PANASONIC,PT-ST10U,ET-LAB2,"220W, UHM",LMC176,0,,0
PANASONIC,PT-ST10,ET-LAB2,"220W, UHM",LMC176,0,,0
PANASONIC,PT-LB2,ET-LAB2,"220W, UHM",LMC176,0,,0
PANASONIC,PT-LB1U,ET-LAB2,"220W, UHM",LMC176,0,,0